,logFC,logCPM,PValue
LBP,10.0507639791077,7.42848976884961,0.000315215489041505
SPRR1B,8.63588143146248,6.09404239845005,0.0190760101540361
TNF,8.60224293125487,6.06373580450356,0.0205742046035355
NOD2,8.41306773804807,5.89205748571921,0.030828463364195
STAC2,7.3185959493401,6.01804436902484,0.0391726473197547
S100A7,6.71640508077769,7.31063441748283,0.00623153570572878
SERPINA3,6.14763388217454,7.32808168814043,0.0102149817328819
CHAF1B,5.80840058793801,6.89737841305838,0.0248436902550903
