Geneid,logFC,logCPM,PValue
KLF10,9.20346421914278,6.72714380555248,0.0388020580880331
