Geneid,logFC,logCPM,PValue
MUC16,-10.913604522265,8.04967317173847,0.0316335516281168
SCEL,-10.9977671798581,8.13275248802752,0.0285497930996556
