Geneid,logFC,logCPM,PValue
S100A7,6.71640508077769,7.31063441748283,0.00623153570572878
SPRR1B,8.63588143146248,6.09404239845005,0.0190760101540361
