X,logFC,logCPM,PValue
CST6,-10.606170684224,6.98493325299679,0.0806111139455742
