X,logFC,logCPM,PValue
CHAF1B,5.80840058793801,6.89737841305838,0.0248436902550903
ZNF516,5.55722855856139,6.06223192996988,0.0912712921979702
