,BRCA_EMT,BRCA_Hypoxia,BRCA_invasion,BRCA_metastasis,BRCA_proliferation,BRCA_Quiescence,BRCA_stemness
CTC-cluster_1,0.367299184718998,0.315761479179469,0.352217845906757,0.327280098663448,0.302413873026459,0.292271619224464,0.282482638809452
CTC-cluster_2,0.425050331124706,0.449606789877577,0.578322308187036,0.409915698757064,0.33272464728979,0.594583238044139,0.319130177564621
CTC-single_1,0.327802371094392,0.358166622658856,0.382009969255973,0.356017280968112,0.38333803980333,0.244876298230384,0.310567499332141
CTC-single_5,0.271354653117085,0.29906592808438,0.315392899113539,0.261336295760824,0.3218541357366,0.325502501251976,0.302310978056771
CTC-single_6,0.285748842573554,0.2924092044714,0.299256915444765,0.283180870988957,0.492360861738013,0.259047702321375,0.297235291898716
CTC-single_7,0.276807198089013,0.337659652883556,0.337215093526104,0.322399850881893,0.343833153393689,0.270263474756649,0.304284406993243
CTC-single_8,0.291945215071456,0.390994056437353,0.402288319904787,0.353177176685584,0.320368086842303,0.331924103708442,0.337770830158091
CTC-single_10,0.266525752933459,0.323213273169936,0.307792079258931,0.298925830654994,0.369735308543283,0.345942794361309,0.314677998541679
CTC-single_11,0.315903275663694,0.339746484371599,0.36810411389716,0.322059027663937,0.341936517888933,0.296398770011399,0.320520533817246
