,logFC,logCPM,F,PValue
GPR63,5.06992237891527,6.47274965317931,5.97560938846064,0.0333960289446503
DLGAP5,4.88670166539974,8.27953278918786,5.21278181523523,0.0368490922496622
DEPDC1B,-2.53125711940623,5.63112053794562,5.63341896910961,0.0378007197529278
HIST1H1A,-3.71661246438684,5.90650288362394,5.96768682918803,0.0334907299224175
KCTD15,-4.43543382902775,8.33976929270896,4.54767041188816,0.0492659753122846
PIK3AP1,-4.50659184018347,6.94828162005249,4.72879695531103,0.045457360502538
