Row.names,logFC,logCPM,PValue
CDK1,11.0553951493592,8.43973463892572,5.19192318481665e-05
AURKB,9.17639594621476,6.62200955281363,0.00876815242655686
CHAF1B,6.38404737984105,6.92644496064134,0.0226409941860666
TOP2A,4.35580842477083,8.40861613119634,0.0305604154202981
CDC6,3.84804573006981,8.65811406941851,0.0447938144264186
