Row.names,logFC,logCPM,PValue
AURKB,9.17639594621476,6.62200955281363,0.00876815242655686
SPRR1B,8.65166585839391,6.13191843245648,0.0288576766326606
S100A7,6.51585307452979,7.35534492171986,0.0120844696450286
CCL2,-9.04377812542004,7.78475689453022,0.0034148973469641
CYP27B1,-9.10049526175084,6.79604600577631,0.0157856983612479
PLAU,-11.0981738211396,8.74035483171027,0.000153326477756902
